title,author,year,cover_id,work_key,description,subjects
Dark Psychology,Modern Psychology Publishing,2017.0,13262384.0,/works/OL30150379W,"Have you ever felt manipulated or taken advantage of? Have you ever fallen victim to someone’s chairisma only to realize later that you had been scammed or ripped off?
People are manipulated every single day, and the crazy thing is that most of the time they aren’t even aware of it. Subliminal messages, hypnotic trance inductions, and mass psychological brainwashing are just some of the techniques that are ceaselessly employed to the advantage of these manipulators.


….And with the news, social media, and advanced advertising techniques, you can be sure that someone is almost always trying to manipulate you for their benefit.


But not only can you learn EXACTLY what these techniques are and how they work on your psychology...


...But by learning about these tactics you can actually use them to your advantage for greater persuasive power and social influence.","Psychology, Human behavior, Manipulation, Persuasion, Mind control, NLP, Deception, Gaslighting, Narcissism, Psychopathy, Sociopathy"
Dream Psychology,Sigmund Freud,2017.0,13180633.0,/works/OL29743214W,"The Interpretation of Dreams is a book by Sigmund Freud. The first edition was first published in German in November 1899 as Die Traumdeutung (though post-dated as 1900 by the publisher). The publication inaugurated the theory of Freudian dream analysis, which activity Freud famously described as ""the royal road to the understanding of unconscious mental processes"".","Psychology, psychoanalysis, dreams, dream interpretation, unconscious mind, repressed desires, sexuality, symbolism, interpretation, meaning"
Educational psychology,"Anita Woolfolk Hoy, Philip H. Winne, Nancy E. Perry, Beth Popiel",1987.0,137962.0,/works/OL2651233W,"A text to provide beginning teachers with the tools and inspiration to become masters of their profession. Includes examples, lesson segments, case studies, and practical ideas from experienced teachers.","Educational psychology, Textbooks, Manuels, Psychology textbooks, Humanities textbooks, open_syllabus_project, Teaching, Psychopédagogie, 81.50 educational psychology: general, Onderwijspsychologie, Pädagogische Psychologie, Learning, psychology of"
Flow,Mihaly Csikszentmihalyi,1990.0,11041932.0,/works/OL278571W,"Psychologist Mihaly Csikszentmihalyi's famous investigations of ""optimal experience"" have revealed that what makes an experience genuinely satisfying is a state called *flow*. During flow, people typically experience deep enjoyment, creativity, and a total involvement with life. In this new edition of his groundbreaking classic work, Csikszentmihalyi demonstrates the ways this positive state can be controlled, not just left to chance. *Flow: The Psychology of Optimal Experience* teaches how, by ordering the information that enters our consciousness, we can discover true happiness and greatly improve the quality of our lives.","Nonfiction, Psychology, Lebensfreude, Flow-Erlebnis, Attention, Happiness, Flow, General, Développement personnel, Psychologie, Personnalité, Atención, Felicidad, Self-actualization (Psychology), Bonheur, Conduct of life, Bf575.h27 c85 1990, Bf 575.h27 c958 1990, 155.2"
Psychology,Wayne Weiten,1989.0,363719.0,/works/OL90044W,"Weiten's PSYCHOLOGY: THEMES AND VARIATIONS, 11th Edition immerse you in the excitement of this fascinating field while helping you study and retain what you learn. Filled with practical ways that you can apply psychology to your everyday life, this bestselling textbook is an experience in learning that you'll remember long after you complete your Introductory Psychology course. Critical Thinking Applications in every chapter give you specific strategies you can apply in all of your courses and in your personal life. Reality Checks, many of which may surprise you, address common misconceptions about psychology. Every chapter of this book offers tools -- such as Concept Charts that provide colorful visual snapshots of key points -- to help you focus on what's important, showing you how to maximize your study time and course success.","Psychology, Textbooks, Psychology textbooks, Psychologie, Humanities textbooks, Charts, diagrams, Problems, exercises, Study and teaching, Psykologi"
Abnormal Psychology,"Gerald C. Davison, John M. Neale, Ann M. Kring",1974.0,301725.0,/works/OL2680118W,"ABNORMAL PSYCHOLOGY: AN INTEGRATIVE APPROACH, Eighth Edition, is the perfect text to help you succeed in your abnormal psychology course! The authors -- all internationally recognized experts in the field -- show you how psychological disorders are rooted in multiple factors: biological, psychological, cultural, social, familial, and even political. You can test your understanding of topics with the text's built-in concept checks and chapter quizzes.","Psychopathology, Psychopathologie, Psychology textbooks, Psicopatología, Textbooks, Psychologie pathologique, Humanities textbooks, Psychology, Pathological, Mental Disorders, Pathological Psychology, Abnormal psychology, Psychiatry, Psychotherapy, Einfuhrung, Abweichendes Verhalten, Psychologie, Psychologie clinique, 44.91 psychiatry, psychopathology, Einführung, Psychology, pathological, case studies, Psychiatry, case studies"
The Psychology of Money,Morgan Housel,2020.0,10389354.0,/works/OL21640039W,"Timeless lessons on wealth, greed, and happiness doing well with money isn’t necessarily about what you know. It’s about how you behave. And behavior is hard to teach, even to really smart people. How to manage money, invest it, and make business decisions are typically considered to involve a lot of mathematical calculations, where data and formulae tell us exactly what to do. But in the real world, people don’t make financial decisions on a spreadsheet. They make them at the dinner table, or in a meeting room, where personal history, your unique view of the world, ego, pride, marketing, and odd incentives are scrambled together. In the psychology of money, the author shares 19 short stories exploring the strange ways people think about money and teaches you how to make better sense of one of life’s most important matters.","Money, Consumption (Economics), Quality of life, Attitude change, Accounting, Ethics, Self-help techniques, Psychology, Finance, Personal, Satisfaction, Wealth, management, Psychological aspects, Wealth, Personal Finance, Financial literacy, Management, Richesse, BUSINESS & ECONOMICS, Investing, Money Management, Investments & Securities, General"
Influence,Robert B. Cialdini,1983.0,431011.0,/works/OL3902892W,"Influence, the classic book on persuasion, explains the psychology of why people say ""yes""—and how to apply these understandings. Dr. Robert Cialdini is the seminal expert in the rapidly expanding field of influence and persuasion. His thirty-five years of rigorous, evidence-based research along with a three-year program of study on what moves people to change behavior has resulted in this highly acclaimed book.

You'll learn the six universal principles, how to use them to become a skilled persuader—and how to defend yourself against them. Perfect for people in all walks of life, the principles of Influence will move you toward profound personal change and act as a driving force for your success.

Some images that appeared in the print edition of this book are unavailable in the electronic edition due to rights reasons.","Compliance, Influence (Psychology), Nonfiction, Persuasion (Psychology), Self-Improvement, Persuasion (Psychologie), Influence (Psychologie), Sociale beïnvloeding, Overreding, Complaisance, Communication, Psychological aspects, Beeinflussung, Psychologie, Psychology, Beïnvloeding, Psychologische aspecten, Persuasão, Influências inter-pessoais, Personal growth, Psychology - theory, History & research, Marketing & sales, Bf774 .c53 2009, 153.8/52, Persuasive communication, Bf774 .c53 2001, Bf 774 c565 2001"
Psychology,Robert A. Baron,1977.0,1146622.0,/works/OL2661659W,,"Psychology, Textbooks, Psychology textbooks, Psychologie, Humanities textbooks, Behavior, Einfuhrung"
The world of psychology,"Samuel E. Wood, Ellen Green Wood, Denise Boyd, Wood, Ellen R. Green Wood, WOOD WOOD, Ellen Wood",1992.0,15170540.0,/works/OL103858W,,"Psychology, Textbooks, Psychology textbooks, Psychologie, Humanities textbooks, Biology and behavior, Psychological research, Child development, Health and stress, Sexuality, Memory, Therapies, Personality, Racism"
The psychology of money,Henry Clay Lindgren,1991.0,6694177.0,/works/OL2780331W,,"Psychological aspects of Money, Textbooks, Money, Psychology textbooks, Monnaie, Aspect psychologique, Psychologie, Geld, Psychological aspects, Humanities textbooks"
Psychology,"Carole Wade, Carol Tavris",1987.0,6807843.0,/works/OL15844725W,,"Textbooks, Psychologie, Psychology, Psicologia, Detective and mystery stories, Internet"
Introduction to Psychology,"Clifford Thomas Morgan, Richard A. King, John R. Wiesz, John Schopler",1956.0,9120645.0,/works/OL5098994W,"In this Seventh Edition this have attempted to bring readers up-to-date, an ongoing challenge in our rapidly changing discipline. psychology, like other areas of Knowledge, has its classic theories and studies which from the basis for the much current work. Students should Know about these, too, and we have not negelected them. there is no change, but there is continuity as well.","Psychology, Psychologie, Einführung"
Feminine Psychology,Karen Horney,1967.0,248756.0,/works/OL98942W,"""Because the role of woman as a contributing member of society comes increasingly under scrutiny, Karen Horney's thoughts and theories about feminine psychology are particularly relevant to our day. In this new collection of papers, many previously unavailable in English, Karen Horney brings to the subject of femininity both profound knowledge of women and dedicated skill as a therapist. As a psychoanalytic pioneer who trained at the Berlin Psychoanalytic Institute in the 1920's, Dr. Horney began to question certain of Freud's theories, especially his libido theory, which her own careful clinical observations seems to contradict. At the same time her reading in anthropology strengthened her feeling that an organism's behavior is determined culturally as well as biologically. A male-oriented, materialistic society, such as the one into which Freud was born, would evolve theories of separate male and female psychologies. In such a society a woman's outlook on life would appear to be determined by her envy of the male sex organ. According to Dr. Horney, what woman really envies are masculine attributes and the opportunities society offers more readily to men. In this book her discussion of such subjects as frigidity, the problem of monogamy, maternal conflicts, feminine masochism, and the neurotic need for love offers valuable insights into the problems confronting women today - the problesm taht they bring to psychiatrists, marriage counselors, and clergymen.""--Publisher's description.","Sex (psychology), Women, psychology, Women, Psychology, Textbooks, Sex Behavior, Psychology textbooks, Humanities textbooks, Sexual Behavior, Femmes, Sexe (Psychologie), Psychologie"
The Housemaid,Freida McFadden,2022.0,15105883.0,/works/OL27729743W,"Every day I clean the Winchesters' beautiful house top to bottom. I collect their daughter from school. And I cook a delicious meal for the whole family before heading up to eat alone in my tiny room on the top floor.

I try to ignore how Nina makes a mess just to watch me clean it up. How she tells strange lies about her own daughter. And how her husband Andrew seems more broken every day. But as I look into Andrew's handsome brown eyes, so full of pain, it's hard not to imagine what it would be like to live Nina's life. The walk-in closet, the fancy car, the perfect husband.

I only try on one of Nina's pristine white dresses once. Just to see what it's like. But she soon finds out... and by the time I realize my attic bedroom door only locks from the outside, it's far too late.

But I reassure myself: the Winchesters don't know who I really am.

They don't know what I'm capable of . . .","nyt:trade-fiction-paperback=2023-05-14, New York Times bestseller, Thriller, Mystery, Fiction, Mystery Thriller, Suspense, Crime, Psychological Thriller, Series:The-Housemaid, Contemporary, Romance, Fiction, thrillers, domestic, Fiction, thrillers, psychological, Fiction, thrillers, suspense"
The principles of psychology,William James,1890.0,5815742.0,/works/OL1502064W,"The Principles of Psychology is a monumental text in the history of psychology, written by William James and published in 1890. There were four methods in James' psychology: analysis (i.e. the logical criticism of precursor and contemporary views of the mind), introspection (i.e. the psychologist's study of his own states of mind), experiment (e.g. in hypnosis or neurology), and comparison (the use of statistical means to distinguish norms from anomalies).",Psychology
Games People Play,Eric Berne,1964.0,8281189.0,/works/OL1593567W,"Games People Play (1964) explores the fascinating and bizarre world of psychological games, where players unconsciously manipulate each other into acting in alienating and self-destructive ways.","Game theory, Interpersonal relations, Social interaction, Transactional analysis, Social Psychology, Interacción social, Psihoterapija, Social role, Sociale relaties, Psychologische aspecten, Transactionele analyse, Journalists, fiction, Balkan peninsula, fiction, Fiction, psychological, Fiction, political, Psychology, Interaction social, games, relationships, communication, interaction, personality, neurosis, intimacy, psychotherapy, Interpersonal relationships, Psychological aspects, Manners and customs"
Social psychology,"Robert A. Baron, Donn Erwin Byrne, Nyla R. Branscombe",1977.0,137851.0,/works/OL2661658W,,"Psychologie sociale, Einführung, Sozialpsychologie, Social psychology, Sociale psychologie, Philosophy, Political science, Communicatie, Psychology, Hm1033 .b35x 2004"
Dark Psychology 101 and Dark Psychology Secrets,Moneta Raye,2019.0,13234695.0,/works/OL30146102W,,
Psychology,Saundra K. Ciccarelli,2006.0,1110072.0,/works/OL5849524W,,"Psychology, Textbooks, Study and teaching, Examinations, questions"
Psychologische Typen,Carl Gustav Jung,1921.0,442955.0,/works/OL95107W,"Overview: The book is rich in material drawn from literature, aesthetics, religion, and philosophy. The extended chapters that give general descriptions of the types and definitions of Jung's principal psychological concepts are key documents in analytical psychology.","Psychoanalysis, Typology (Psychology), Characters and characteristics, Individuality, Personality, Typologie (Psychologie), Individuation (Philosophy), Psychology, Psychanalyse, Typology (Psychology of), Persoonlijkheidsontwikkeling, Persoonlijkheid, Introversie, Extraversie, Psychoanalytic Theory, Personnalité, FAMILY & RELATIONSHIPS, Life Stages, Developmental, Lifespan Development, Character, Painting, Bibliography"
Psychology principles in practice,Spencer A. Rathus,1981.0,7046066.0,/works/OL2035732W,,"Psychology, Textbooks, Psychology textbooks, Humanities textbooks, Study and teaching (Secondary), Psychology &amp; psychiatry, General"
A Primer of Freudian Psychology,Calvin S. Hall,1954.0,296145.0,/works/OL1941879W,"The purpose of this primer is to present clearly, briefly, and systematically the psychological theories advanced by Sigmund Freud. Freud's contributions in the areas of abnormal psychology, psychopathology, psychotherapy, and psychiatry have been summarized by a number of writers, but his work as a psychological theorist in the area of general psychology has not been presented in a systematic and comprehensive form. The author contends that Freud's distinctive role in intellectual and scientific history is that of a psychological theorist. Freud himself regarded psychoanalysis primarily as a system of psychology and not merely a branch of abnormal psychology or psychiatry. He wanted to be remembered and identified chiefly as a psychologist. The author's purpose, then, in summarizing the psychology of Sigmund Freud is to rescue him from the domain of mental disorders and to restore him to his legitimate place within the province of normal psychology. It is argued that if Freud is permitted to remain an exclusive possession of a branch of medicine, not only will his fundamental theories be relegated to a subordinate position, but also psychology will be the loser for having ignored one of its most creative minds. (PsycINFO Database Record (c) 2005 APA, all rights reserved).","Psychoanalysis, Textbooks, Personnalité, Psychoanalyse, Psychology textbooks, Humanities textbooks, Personality, Psychanalyse, Psychology, Freud, sigmund, 1856-1939, Psychologie"
Developmental psychology,Elizabeth Bergner Hurlock,1953.0,7228372.0,/works/OL6564579W,"xiv, 395 p. 25 cm","Developmental psychology, Psychology, Psychologie génétique, Entwicklungspsychologie, Psychologie du développement, Ontwikkelingspsychologie, Einführung"
The Psychology of Money,"Michael Argyle, Adrian Furnham",2013.0,15137999.0,/works/OL27366295W,,
Publication Manual of the American Psycological Association,"American Psychological Association., American Psychological Association, AMERICAN PSYCHOLOGICAL ASSOCIATION, 6th Edition Publication Manual of the American Psychological Association, APA (2010)",1952.0,14302544.0,/works/OL3282884W,"The ""Publication Manual"" is the style manual of choice for writers, editors, students, and educators. Although it is specifically designed to help writers in the behavioral sciences and social sciences, anyone who writes non-fiction prose can benefit from its guidance. The newly-revised Sixth Edition has not only been rewritten. It has also been thoroughly rethought and reorganized, making it the most user-friendly ""Publication Manual"" the APA has ever produced. You will be able to find answers to your questions faster than ever before. When you need advice on how to present information, including text, data, and graphics, for publication in any type of format--such as college and university papers, professional journals, presentations for colleagues, and online publication--you will find the advice you're looking for in the ""Publication Manual.""","Technical writing, Communication in psychology, Documentacao, Psychology, Handbooks, manuals, Style manuals, Social science literature, Sciences sociales, Psychological literature, Guides, manuels, Édition, Publishing, Wetenschappelijke teksten, Communication en psychologie, Art d'écrire, Medical Journalism, Normalizacao em documentacao, Authorship, Documentation, Uitgeven, Writing, Rédaction technique, Psicologia, Psychologie, Social sciences, Richtlinie, Travailleurs, Wissenschaftliches Manuskript, Report writing, Printing, Schrijfvaardigheid, Wetenschappelijke publicaties, Norm, 77.09 methods and techniques in psychology: other, American Psychological Association, Wissenschaftlicher Text, Psychological literature - Publishing - Handbooks, manuals, Psychology textbooks, Textbooks, Humanities textbooks, Psychology - Authorship - Handbooks, Social science literature - Publishing - Handbooks, manuals, Bibliographical citations, Technique, HANDBOOKS, Satzanweisung, Edition_, Psychology, authorship, Social sciences, authorship, Richtlijnen, Forschungsbericht, Verhaltenswissenschaften, Veröffentlichung, Methode, Sozialwissenschaften, Wissenschaft, Wissenschaftliche Literatur, Bibliography, 02.13 practice of science, Pychologie, Standards, Social science literature -, Social sciences -, Publishing -, Psychology -, Psychological literature -, Authorship -, ÂEdition, Art d'âecrire, Manuskriptudformning, Wissenschaftliche Publikation, Literature, Writing skills, General interests & hobbies -> reference -> reference, Psychology--authorship, Psychology--authorship--style manuals, Social sciences--authorship, Social sciences--authorship--style manuals, Psychological literature--publishing, Psychological literature--publishing--handbooks, manuals, etc, Social science literature--publishing, Social science literature--publishing--handbooks, manuals, etc, Bf76.7 .p83 2020, 808.06615 p96, 2020, Psychology--authorship--handbooks, manuals, etc, Social sciences--authorship--handbooks, manuals, etc, Journalism, medical, Bf76.7 .p83 2001, Wz 345 p976 2001, 2001 n-022, 808/.06615"
Introduction to psychology,Rod Plotnik,1986.0,3736524.0,/works/OL1955834W,"Plotnik's Fourth Edition captures the excitement of the current research that is going on in the discipline, while still retaining the ""classic"" studies that are important to careful development of the subject matter. Plotnik adds coverage of new topics such as genetic research, repressed memory syndrome, and many others as well as updating research in every module. Plotnik has revised and updated his text page by page to increase the depth of coverage in key areas - without losing the student focus that made the book work so effectively in its previous edition. Each chapter's opening vignette serves to organize and tie information together as Plotnik moves through major concepts. Each of the module's key topics is covered ina one-, two-, or (very occassionally) four-page spread. By presenting information in these ""bite-sized"" chunks with fully integrated visuals, Plotnik makes the material more accessible to students and easier to recall.","Psychology, Textbooks, Psychology textbooks, Psychologie, Humanities textbooks, Nonfiction"
The Psychology of Everyday Things,Donald A. Norman,1988.0,10007224.0,/works/OL1879162W,"The Design of Everyday Things is a best-selling book by cognitive scientist and usability engineer Donald Norman about how design serves as the communication between object and user, and how to optimize that conduit of communication in order to make the experience of using the object pleasurable. One of the main premises of the book is that although people are often keen to blame themselves when objects appear to malfunction, it is not the fault of the user but rather the lack of intuitive guidance that should be present in the design.","Ergonomie, Industrial Psychology, Industriële vormgeving, Industrial Design, Psychological aspects, Psychology textbooks, Psychological aspects of Industrial design, Textbooks, Aspect psychologique, Design, Humanities textbooks, Projetos (administracao), Human engineering, Long Now Manual for Civilization, New York Times reviewed, Cognitive psychology, Livres numériques, Ergonomics, E-books, BUSINESS & ECONOMICS, Industries, Retailing, Product, PSYCHOLOGY, Applied Psychology, Electronic books, Industriell formgivning, Psykologiska aspekter, Industries / Retailing, Mechanical Engineering, Engineering & Applied Sciences, Industrial & Management Engineering, Nonfiction, Art, Business, Industrial design--psychological aspects, Psychology, industrial, Ts171.4 .n67 1990, Ts 171.4 n842p 1990, 620.8/2, Business & economics--industries--retailing, Psychology--applied psychology, Design--product, Industriell formgivning--psykologiska aspekter, Ts171.4 .n67 2013, 745.2019, 745.2001/9, Bus057000 psy003000 des011000, Cognitive science, Design, drafting, drawing & presentation, Lighting, Data modeling & design, Site design, Branding & logo design, Design & construction, Packaging, Decision-making & problem solving, Industrial management, Computer industry, Manufacturing, Knowledge capital, Leadership, Operations research, Organizational behavior, Skills, Workplace culture, Industrial & organizational psychology, Social psychology, Business & economics -> business -> industries, Professional, career & trade -> graphic arts/communications/design -> package design, Social sciences -> psychology -> applied psychology, Social sciences -> psychology -> cognitive psychology, Biological sciences & nutrition -> biology -> cognitive science, Professional, career & trade -> architecture -> design, drawing & presentation, Professional, career & trade -> architecture -> interiors & interior design, Professional, career & trade -> computer science -> data modeling & design, Professional, career & trade -> computer science -> internet & www, Professional, career & trade -> graphic arts/communications/design -> branding & logo design, General interests & hobbies -> house & home -> house & home, Trades & technology -> industrial design -> general, Business & economics -> management -> special topics, Business & economics -> decision sciences -> management science, Business & economics -> management -> leadership, Business & economics -> decision sciences -> production/operations management, Business & economics -> management -> organizational behavior, Business & economics -> business -> business studies, Business & economics -> business -> special topics, Social sciences -> psychology -> industrial & organizational psychology, Social sciences -> psychology -> social psychology"
New Psychology Of Money,Adrian Furnham,2014.0,7710924.0,/works/OL17504577W,,"Money, Psychological aspects, BUSINESS & ECONOMICS, Finance"
Understanding psychology,"Charles G. Morris, Albert A. Maisto",1991.0,3997378.0,/works/OL1816885W,,"Psychology, Textbooks"
Psychology,"Charles G. Morris, Albert A. Maisto",1973.0,4341574.0,/works/OL1816886W,,"Psychology, Textbooks, Psychology textbooks, Psychologie, Humanities textbooks, Einfuhrung, Psychology, applied"
Essentials of Psychology,Dennis Coon,1979.0,14035727.0,/works/OL90591W,,"Psychology, Textbooks, Psychology textbooks, Humanities textbooks"
Invitation to Psychology,"Carole Wade, Carol Tavris, Samuel R. Sommers, Lisa M. Shin, Maryanne Garry",1998.0,2382453.0,/works/OL505187W,,"Psychology, Textbooks, Psychology, outlines, syllabi, etc., Biochemistry, Reading (Elementary) $z United States, Psychologie, Youth, Adolescent psychology"
Dark Psychology Tricks : Manipulation Body Language Dark Psychology,Luise Rankin,2021.0,15117702.0,/works/OL30756856W,,
Never Lie,Freida McFadden,2022.0,13198561.0,/works/OL34224558W,"Newlyweds Tricia and Ethan are searching for the house of their dreams.

But when they visit the remote manor that once belonged to Dr. Adrienne Hale, a renowned psychiatrist who vanished without a trace four years earlier, a violent winter storm traps them at the estate… with no chance of escape until the blizzard comes to an end.

In search of a book to keep her entertained until the snow abates, Tricia happens upon a secret room. One that contains audio transcripts from every single patient Dr. Hale has ever interviewed. As Tricia listens to the cassette tapes, she learns about the terrifying chain of events leading up to Dr. Hale’s mysterious disappearance.

Tricia plays the tapes one by one, late into the night. With each one, another shocking piece of the puzzle falls into place, and Dr. Adrienne Hale’s web of lies slowly unravels.

And then Tricia reaches the final cassette.

The one that reveals the entire horrifying truth.","Thriller, Mystery, Mystery Thriller, Fiction, Suspense, Crime, Psychological Thriller, Contemporary"
Psychology,David G. Myers,1986.0,6601727.0,/works/OL14859351W,,"Psychology, Textbooks, Psychologie sociale, Einführung, Psychopathologie, Psychology textbooks, Psychologie, Humanities textbooks, Psychologie du développement, Personnalité, Troubles de la, Psychology -- Textbooks, Classification [MESH], Classification, Numerical taxonomy, Biology [MESH], Taxonomy, Mathematics [MESH], Biologie, Numerische Taxonomie, Taxonomie, Psychology, outlines, syllabi, etc., Psychology, study and teaching"
Psychology,William James,1892.0,153443.0,/works/OL1502063W,On psychology.,"Psychology, Psychologie, Large type books"
Educational Psychology,Robert E. Slavin,1986.0,138358.0,/works/OL12204W,"Foster the intellectual and practical strategies needed to be an effective teacher
Educational Psychology: Theory and Practice offers complete, up-to-date information that is presented in readable, practical ways and illustrated with engaging examples and case studies. The text makes the connection between theory and practice explicit, helping students transfer what they learn to their own teaching. Based directly on classroom research, the text is kept up-to-date with the most recent learnings and includes over 2,000 citations. The 13th Edition features a new section called “What Does the Evidence Say?” that includes recent educational research findings, as well as new and expanded coverage on many topics throughout.","Educational psychology, Textbooks, Psychology textbooks, Humanities textbooks, Apprentissage, Enseignement, Coöperatief onderwijs, Kooperatives Lernen, Travail en équipe, Guides, manuels, Group work in education, Team learning approach in education, Didactiek, Padagogische Psychologie, Onderwijspsychologie, Psychopedagogie, Leren"
Abnormal Psychology,"Irwin G. Sarason, Barbara R. Sarason, Irwin Gerald Sarason",1969.0,85196.0,/works/OL1802485W,,"Psychopathology, Social Behavior Disorders, Psychopathologie, Textbooks, Psychology textbooks, Humanities textbooks, Psychology, Pathological, Pathological Psychology, Abweichendes Verhalten, Therapie, Verhaltensstorung, Psychologie, Study and teaching, Einführung, Verhaltensstörung"
Cognitive psychology,Robert L. Solso,1979.0,1146064.0,/works/OL2669419W,,"Cognitive psychology, Textbooks, Cognition, Psychological Theory"
Psychological testing,Anne Anastasi,1954.0,14462.0,/works/OL3339495W,,"Mental tests, Personality tests, Testes Psicologicos, Psychologische Diagnostik, Psychological tests, Test, Psychometrie, Testen, Tests psychologiques, 77.08 psychodiagnostics, Psychodiagnostiek, Psychologische tests, Psychologie, Personnalité, Tests, Psychometrics"
The psychology of self-esteem,Nathaniel Branden,1969.0,548526.0,/works/OL1835078W,,"Psychological aspects of Self-esteem, Psychology, Estime de soi, Psychologie, Autoestima, Psychological aspects, Self-esteem, Personality, Self Concept"
Psychology,John W. Santrock,1991.0,1084048.0,/works/OL79239W,,"Psychology, Textbooks"
Psychology,"Gray, Peter",1991.0,455934.0,/works/OL2034228W,"Peter Gray's Psychology has become a favorite of instructors with its exploration of psychology's major theories, and the evidence that supports and refutes these theories.  Each edition incorporates an exceptional amount of contemporary research, encouraging students to probe for the purposes and biological origins of behavior--the ""whys"" and ""hows"" of human psychology.  Peter Gray's engaging, readable writing style makes the science of psychology, and its interactions with biology, accessible and meaningful.  With the new edition, Gray has taken care to ensure that his comprehensive, thought-provoking, and contemporary coverage is well-attuned to the needs and interests of today's students.","Textbooks, Psychology"
Psychology,"Dennis Coon, John O. Mitterer",2001.0,12676148.0,/works/OL90590W,,"Textbooks, Psychology, General, Psychology & Psychiatry / General, Psychology (General), Reference - psychology"
Introduction to psychology,Dennis Coon,1977.0,364838.0,/works/OL90589W,,"Psychology, Textbooks, Psychology textbooks, Psychologie, Humanities textbooks, Behavior, Mental Processes, Einführung, Psychology &amp; psychiatry, General, Social reformers, Biography"
Health psychology,Shelley E. Taylor,1986.0,5451354.0,/works/OL15694W,,"Attitude to Health, Behavioral Medicine, Clinical health psychology, Health attitudes, Medicine, Psychosomatic, Psychosomatic Medicine, open_syllabus_project, Medische psychologie, Psychologie de la santé, Médecine psychosomatique, Psychologie clinique, Gesundheitspsychologie, Chronic Disease, Psychology, Disease, Health Behavior, Health Promotion, Life Style, Physician-Patient Relations, Medical Psychology, Psychological Stress, Terminal Care, Santé"
A Primer of Jungian Psychology,"Calvin S. Hall, Vernon J. Nordby",1973.0,296147.0,/works/OL1941876W,"""Carl Jung's contributions to our understanding of the human psyche have made him one of the most significant figures in the field of analytical psychology. His concepts of the collective unconscious, archetypal personality patterns, extroversion and introversion; his inquiry into the functions of thought, instinct, and feeling; his masterful investigations of the roots and meaning of dreams--all have had profound and far-reaching influence."" ""A Primer of Jungian Psychology offers a clear and concise presentation of Jung's life and work, and of the theories that have become fundamental to our basic understanding of behavior. Including everything from Jung's beliefs on the basic structure of the personality to his controversial ideas on the psychological relevance of occultism, astrology, alchemy, and extrasensory perception, this comprehensive volume is essential reading for anyone interested in the hidden depths of the mind. Book jacket.""--Jacket.","Textbooks, Jungian psychology, Psychology textbooks, Humanities textbooks, Psychoanalysis, Psychanalyse, Psychology, Personality, Jungian Theory"
Clinical psychology,Graham Davey,2008.0,9350107.0,/works/OL18794604W,,"Clinical psychology, Methods, Clinical Psychology, Psychology, pathological, Psychologie clinique, HEALTH & FITNESS, Diseases, General, MEDICAL, Clinical Medicine, Evidence-Based Medicine, Internal Medicine, PSYCHOLOGY / General, PSYCHOLOGY / Applied Psychology, PSYCHOLOGY / Clinical Psychology, Applied psychology, Social sciences -> psychology -> clinical psychology, Social sciences -> psychology -> applied psychology, Social sciences -> psychology -> abnormal psychology, Scbe0545, Scbe010610, Scbe0535, Scbe0550, Scbe0540, Psy007000, Cs.psych.clinc_psych"
Cognitive psychology and its implications,John Robert Anderson,1980.0,455605.0,/works/OL519624W,,"Kognitive Psychologie, Cognitive psychology, Textbooks, Cognition, Einführung, Psychologie cognitive, Psychology textbooks, Humanities textbooks, Cognitieve psychologie, Einfuhrung, Geheugen, Kennisrepresentatie, Waarneming, Aandacht"
